{
    "bet_limit": {
        "bet_idx": 1,
        "bet_max": 10000000,
        "bet_min": 500000,
        "bet_pair_max": 1000000,
        "bet_pair_min": 60000,
        "bet_super6_max": 800000,
        "bet_super6_min": 50000,
        "bet_tie_max": 1200000,
        "bet_tie_min": 60000,
        "chip": "10,20,30,50,100,500,1000,3000,5000,10000"
    },
    "bet_time": 24000,
    "cards": null,
    "header": {
        "cls": 2,
        "key": 3,
        "method": 2,
        "type": 1
    },
    "others_bet": {
        "banker": 0,
        "banker_pair": 0,
        "player": 0,
        "player_pair": 0,
        "super_six": 0,
        "tie": 0
    },
    "player_state": 0,
    "players": [
        {
            "bets": {
                "banker": 0,
                "banker_pair": 0,
                "player": 0,
                "player_pair": 0,
                "super_six": 0,
                "tie": 0
            },
            "credit": 0,
            "currency": "KRW",
            "player_id": 3,
            "player_name": "demo6",
            "seat_id": 3
        }
    ],
    "prev_bet": {
        "banker": 0,
        "banker_pair": 0,
        "player": 0,
        "player_pair": 0,
        "super_six": 0,
        "tie": 0
    },
    "remaining_bet_time": 3784,
    "remaining_squeeze_time": 0,
    "round": 605997,
    "squeeze_time": 0
}