{
	"bet_timer": 24000,
	"game_id": 7,
	"header": {
		"cls": 1,
		"key": 2,
		"method": 2,
		"type": 2
	},
	"room_id": 2
} {
	"bet_timer": 12000,
	"game_id": 7,
	"header": {
		"cls": 1,
		"key": 301,
		"method": 2,
		"type": 2
	},
	"room_id": 301
} 

{
	"game_id": 7,
	"header": {
		"cls": 1,
		"key": 1,
		"method": 3,
		"type": 2
	},
	"history": 32,
	"room_id": 1,
	"type": 0,
	"wincount": null
}
{
	"game_id": 7,
	"header": {
		"cls": 1,
		"key": 3,
		"method": 3,
		"type": 2
	},
	"history": 8,
	"room_id": 3,
	"type": 0,
	"wincount": null
}

updateRoom
{
	"header": {
		"cls": 1,
		"type": 2,
		"method": 4,
		"key": 1
	},
	"game_id": 7,
	"room_id": 1,
	"state": 2,
	"dealer_id": "Ann"
}