{
	"bet_limit": {
		"bet_limit": [{
				"game_idx": 1,
				"limit": [{
						"bet_min": 200000,
						"bet_max": 10000000,
						"bet_idx": 0
					}, {
						"bet_min": 500000,
						"bet_max": 10000000,
						"bet_idx": 1
					}, {
						"bet_min": 10000000,
						"bet_max": 100000000,
						"bet_idx": 2
					}, {
						"bet_min": 50000000,
						"bet_max": 500000000,
						"bet_idx": 3
					}, {
						"bet_min": 100000000,
						"bet_max": 1000000000,
						"bet_idx": 4
					}, {
						"bet_min": 5000000,
						"bet_max": 100000000,
						"bet_idx": 100
					}, {
						"bet_min": 10000000,
						"bet_max": 200000000,
						"bet_idx": 101
					}, {
						"bet_min": 100000000,
						"bet_max": 1000000000,
						"bet_idx": 102
					}, {
						"bet_min": 500000,
						"bet_max": 20000000,
						"bet_idx": 126
					}, {
						"bet_min": 30000000,
						"bet_max": 300000000,
						"bet_idx": 127
					}
				]
			}, {
				"game_idx": 2,
				"limit": [{
						"bet_min": 50000,
						"bet_max": 100000000,
						"bet_idx": 0
					}, {
						"bet_min": 100000,
						"bet_max": 100000000,
						"bet_idx": 1
					}, {
						"bet_min": 500000,
						"bet_max": 500000000,
						"bet_idx": 2
					}, {
						"bet_min": 1000000,
						"bet_max": 1500000000,
						"bet_idx": 3
					}, {
						"bet_min": 5000000,
						"bet_max": 2000000000,
						"bet_idx": 4
					}
				]
			}, {
				"game_idx": 4,
				"limit": [{
						"bet_min": 200000,
						"bet_max": 10000000,
						"bet_idx": 0
					}, {
						"bet_min": 500000,
						"bet_max": 10000000,
						"bet_idx": 1
					}, {
						"bet_min": 10000000,
						"bet_max": 100000000,
						"bet_idx": 2
					}, {
						"bet_min": 50000000,
						"bet_max": 500000000,
						"bet_idx": 3
					}, {
						"bet_min": 100000000,
						"bet_max": 1000000000,
						"bet_idx": 4
					}
				]
			}, {
				"game_idx": 5,
				"limit": [{
						"bet_min": 200000,
						"bet_max": 10000000,
						"bet_idx": 0
					}, {
						"bet_min": 500000,
						"bet_max": 10000000,
						"bet_idx": 1
					}, {
						"bet_min": 10000000,
						"bet_max": 100000000,
						"bet_idx": 2
					}, {
						"bet_min": 50000000,
						"bet_max": 500000000,
						"bet_idx": 3
					}, {
						"bet_min": 100000000,
						"bet_max": 1000000000,
						"bet_idx": 4
					}
				]
			}, {
				"game_idx": 7,
				"limit": [{
						"bet_min": 200000,
						"bet_max": 10000000,
						"bet_idx": 0
					}, {
						"bet_min": 500000,
						"bet_max": 10000000,
						"bet_idx": 1
					}, {
						"bet_min": 10000000,
						"bet_max": 100000000,
						"bet_idx": 2
					}, {
						"bet_min": 50000000,
						"bet_max": 500000000,
						"bet_idx": 3
					}, {
						"bet_min": 100000000,
						"bet_max": 1000000000,
						"bet_idx": 4
					}, {
						"bet_min": 5000000,
						"bet_max": 100000000,
						"bet_idx": 100
					}, {
						"bet_min": 10000000,
						"bet_max": 200000000,
						"bet_idx": 101
					}, {
						"bet_min": 100000000,
						"bet_max": 1000000000,
						"bet_idx": 102
					}, {
						"bet_min": 500000,
						"bet_max": 20000000,
						"bet_idx": 126
					}, {
						"bet_min": 30000000,
						"bet_max": 300000000,
						"bet_idx": 127
					}, {
						"bet_min": 5000000,
						"bet_max": 100000000,
						"bet_idx": 200
					}, {
						"bet_min": 10000000,
						"bet_max": 200000000,
						"bet_idx": 201
					}, {
						"bet_min": 100000000,
						"bet_max": 1000000000,
						"bet_idx": 202
					}, {
						"bet_min": 500000,
						"bet_max": 20000000,
						"bet_idx": 226
					}, {
						"bet_min": 50000000,
						"bet_max": 500000000,
						"bet_idx": 228
					}
				]
			}, {
				"game_idx": 8,
				"limit": [{
						"bet_min": 50000,
						"bet_max": 100000000,
						"bet_idx": 0
					}, {
						"bet_min": 100000,
						"bet_max": 100000000,
						"bet_idx": 1
					}, {
						"bet_min": 500000,
						"bet_max": 500000000,
						"bet_idx": 2
					}, {
						"bet_min": 1000000,
						"bet_max": 1500000000,
						"bet_idx": 3
					}, {
						"bet_min": 5000000,
						"bet_max": 2000000000,
						"bet_idx": 4
					}
				]
			}, {
				"game_idx": 10,
				"limit": [{
						"bet_min": 200000,
						"bet_max": 10000000,
						"bet_idx": 0
					}, {
						"bet_min": 500000,
						"bet_max": 10000000,
						"bet_idx": 1
					}, {
						"bet_min": 10000000,
						"bet_max": 100000000,
						"bet_idx": 2
					}, {
						"bet_min": 50000000,
						"bet_max": 500000000,
						"bet_idx": 3
					}, {
						"bet_min": 100000000,
						"bet_max": 1000000000,
						"bet_idx": 4
					}
				]
			}, {
				"game_idx": 11,
				"limit": [{
						"bet_min": 200000,
						"bet_max": 10000000,
						"bet_idx": 0
					}, {
						"bet_min": 500000,
						"bet_max": 10000000,
						"bet_idx": 1
					}, {
						"bet_min": 10000000,
						"bet_max": 100000000,
						"bet_idx": 2
					}, {
						"bet_min": 50000000,
						"bet_max": 500000000,
						"bet_idx": 3
					}, {
						"bet_min": 100000000,
						"bet_max": 1000000000,
						"bet_idx": 4
					}
				]
			}, {
				"game_idx": 13,
				"limit": [{
						"stake": 1,
						"amount": 100000,
						"bet_idx": 0
					}
				]
			}, {
				"game_idx": 14,
				"limit": [{
						"game": 1,
						"bet_min": 500000,
						"bet_max": 200000000,
						"bet_idx": 0
					}, {
						"game": 2,
						"bet_min": 500000,
						"bet_max": 200000000,
						"bet_idx": 100
					}, {
						"game": 3,
						"bet_min": 500000,
						"bet_max": 200000000,
						"bet_idx": 200
					}
				]
			}
		]
	},
	"games": [{
			"game_id": 7,
			"rooms": [{
					"bet_timer": 24000,
					"dealer_id": "penelope",
					"histories": [32, 32, 32, 32, 32, 32, 32, 32, 32, 32, 32, 32, 32, 32],
					"minigame_history": null,
					"remains": 10627,
					"room_id": 1,
					"room_state": 0,
					"rules": [0, 1],
					"vendor_id": 2,
					"video_url": ["0kyMnqWkSO4qif7mGCKeOQ_bmhsJuWbQCQn_TRWcXuHF0", "0kyMnqWkSO4qif7mGCKeOQ_bmhsJuWbQCQn_TRWcXuHF0"],
					"win_count": null
				}, {
					"bet_timer": 24000,
					"dealer_id": "amelia",
					"histories": [80, 80, 80, 80, 80, 80],
					"minigame_history": null,
					"remains": 0,
					"room_id": 2,
					"room_state": 0,
					"rules": [0, 1],
					"vendor_id": 2,
					"video_url": ["0kyMnqWkSO4qif7mGCKeOQ_HIsZbXtDSe8qderGG1E6sU", "0kyMnqWkSO4qif7mGCKeOQ_HIsZbXtDSe8qderGG1E6sU"],
					"win_count": null
				}, {
					"bet_timer": 24000,
					"dealer_id": "florence",
					"histories": [8, 8, 16, 8, 16, 8, 32, 8, 16, 16, 8, 16, 16, 32, 8, 32, 8, 8, 32, 16, 8, 32, 20, 16, 8, 16, 16, 8, 8, 32, 8, 8, 8, 8, 8, 8, 8, 8, 8, 8, 8, 8, 8, 8, 8, 8, 8, 8, 8],
					"minigame_history": null,
					"remains": 21668,
					"room_id": 3,
					"room_state": 0,
					"rules": [0, 1],
					"vendor_id": 2,
					"video_url": ["0kyMnqWkSO4qif7mGCKeOQ_SV3nAXi3QOcipOs1RjH4sI", "0kyMnqWkSO4qif7mGCKeOQ_SV3nAXi3QOcipOs1RjH4sI"],
					"win_count": null
				}, {
					"bet_timer": 24000,
					"dealer_id": "dolly",
					"histories": [80, 80, 80, 80, 80, 80, 80, 80, 80, 80, 80, 80, 80, 80, 80, 80, 80],
					"minigame_history": null,
					"remains": 5375,
					"room_id": 101,
					"room_state": 0,
					"rules": [4, 5],
					"vendor_id": 2,
					"video_url": ["0kyMnqWkSO4qif7mGCKeOQ_IsHL5aSfQ7kmugfmLlNzBw", "0kyMnqWkSO4qif7mGCKeOQ_IsHL5aSfQ7kmugfmLlNzBw"],
					"win_count": null
				}, {
					"bet_timer": 24000,
					"dealer_id": "asuka",
					"histories": [32, 8, 8, 20, 8, 8, 16, 16, 16, 16, 16, 16, 16, 20, 16, 16, 16, 20, 16, 16, 8, 8, 8, 16, 16, 32, 32, 32, 32, 32, 32, 32, 32, 32, 32],
					"minigame_history": null,
					"remains": 0,
					"room_id": 201,
					"room_state": 0,
					"rules": [6, 7],
					"vendor_id": 2,
					"video_url": ["0kyMnqWkSO4qif7mGCKeOQ_-PpSuHupSxcmk4LZtSFV7Q", "0kyMnqWkSO4qif7mGCKeOQ_-PpSuHupSxcmk4LZtSFV7Q"],
					"win_count": null
				}, {
					"bet_timer": 12000,
					"dealer_id": "hannah",
					"histories": [72, 72, 72, 72, 72, 72, 72, 72, 72, 72, 72, 72, 72, 72, 72, 72, 72, 72, 72, 72, 72, 72, 72],
					"minigame_history": null,
					"remains": 0,
					"room_id": 301,
					"room_state": 0,
					"rules": [2, 3],
					"vendor_id": 2,
					"video_url": ["0kyMnqWkSO4qif7mGCKeOQ_UJ25Qo0oQBciLQFMrUF3S4", "0kyMnqWkSO4qif7mGCKeOQ_UJ25Qo0oQBciLQFMrUF3S4"],
					"win_count": null
				}
			]
		}
	],
	"header": {
		"cls": 1,
		"key": 0,
		"method": 4,
		"type": 1
	},
	"lobby": {
		"hall_view": ["0kyMnqWkSO4qif7mGCKeOQ_gFkZUnPSSKskAm_Kr3HVx8_1280_720_500", "0kyMnqWkSO4qif7mGCKeOQ_q_FHI9a1TAEgzJtddomUPc_1280_720_500"],
		"localtime": "01 13 05:12:08 GMT+8 2017",
		"message": "VOID",
		"popup_message": "VOID",
		"popup_timer": 0,
		"popup_type": 0,
		"rtmp_url": "rtmp://ls.belcdc201602.com/llnwvps526/"
	},
	"result": 0
}
